{
  "close": {
    "mean": 21.2380319885807,
    "std": 39.96517622651681,
    "missing_rate": 0.0
  },
  "volume": {
    "mean": 155723.28039265322,
    "std": 379928.1962567018,
    "missing_rate": 0.0
  },
  "amount": {
    "mean": 186993.2931634379,
    "std": 453616.18236656254,
    "missing_rate": 0.0
  },
  "return_1d": {
    "mean": 7.362098079085915e-05,
    "std": 0.03276433221050533,
    "missing_rate": 0.001462400720758546
  },
  "return_5d": {
    "mean": 0.0007722286748954977,
    "std": 0.07687181424597228,
    "missing_rate": 0.007310910220076274
  },
  "ma_5": {
    "mean": 21.212314980876936,
    "std": 39.90480307252939,
    "missing_rate": 0.005849056191175956
  },
  "ma_10": {
    "mean": 21.181100174642374,
    "std": 39.84173958344307,
    "missing_rate": 0.013156959606031979
  },
  "ma_20": {
    "mean": 21.11805676908258,
    "std": 39.722499134910805,
    "missing_rate": 0.027762105944508588
  },
  "ma_60": {
    "mean": 20.909200623064237,
    "std": 39.35400492957636,
    "missing_rate": 0.0860307109618278
  },
  "ma_bias_5": {
    "mean": -0.0005889363035493177,
    "std": 0.036431877683434734,
    "missing_rate": 0.005849056191175956
  },
  "ma_bias_10": {
    "mean": -0.0011351317213725777,
    "std": 0.05571357186159188,
    "missing_rate": 0.013156959606031979
  },
  "ma_bias_20": {
    "mean": -0.001568825809273631,
    "std": 0.08001567170009037,
    "missing_rate": 0.027762105944508588
  },
  "rsi_14": {
    "mean": 48.09551582602337,
    "std": 11.752303711167281,
    "missing_rate": 0.02046103617788041
  },
  "macd": {
    "mean": -0.09491786497900734,
    "std": 1.5451663054203497,
    "missing_rate": 0.04817995346558903
  },
  "macd_signal": {
    "mean": -0.10077671380115084,
    "std": 1.4651131598922982,
    "missing_rate": 0.04817995346558903
  },
  "macd_hist": {
    "mean": 0.005858848822143509,
    "std": 0.47909333104950763,
    "missing_rate": 0.04817995346558903
  },
  "atr_14": {
    "mean": 0.9609560607991813,
    "std": 1.8386080438820713,
    "missing_rate": 0.02046103617788041
  },
  "obv": {
    "mean": 2705954.081713723,
    "std": 7552190.6073611155,
    "missing_rate": 0.0
  },
  "pe": {
    "mean": 67.14234492043617,
    "std": 152.68208982191604,
    "missing_rate": 0.16646548406283895
  },
  "pb": {
    "mean": 3.6812099738384982,
    "std": 18.613086603841932,
    "missing_rate": 0.0065657692173122
  }
}