{
  "close": {
    "mean": 21.0605273213474,
    "std": 33.404417508493275,
    "missing_rate": 0.0
  },
  "volume": {
    "mean": 243054.58989156983,
    "std": 582441.3704807579,
    "missing_rate": 0.0
  },
  "amount": {
    "mean": 315967.4140676477,
    "std": 756863.4312028593,
    "missing_rate": 0.0
  },
  "return_1d": {
    "mean": 0.0017953567511892296,
    "std": 0.03428242499133979,
    "missing_rate": 0.0
  },
  "return_5d": {
    "mean": 0.011820220658872473,
    "std": 0.08275763774949983,
    "missing_rate": 0.0
  },
  "return_20d": {
    "mean": 0.054339490556449134,
    "std": 0.18226000484452978,
    "missing_rate": 0.0
  },
  "return_60d": {
    "mean": 0.15390599757011483,
    "std": 0.3208130272914087,
    "missing_rate": 0.0
  },
  "ma_5": {
    "mean": 20.969343240699462,
    "std": 33.2340473606435,
    "missing_rate": 0.0
  },
  "ma_10": {
    "mean": 20.837846849751468,
    "std": 32.997769046227496,
    "missing_rate": 0.0
  },
  "ma_20": {
    "mean": 20.57187158242091,
    "std": 32.53600851924823,
    "missing_rate": 0.0
  },
  "ma_60": {
    "mean": 19.625781452378867,
    "std": 31.098942643867037,
    "missing_rate": 0.0
  },
  "ma_bias_5": {
    "mean": 0.0032984436042839916,
    "std": 0.03821488926151655,
    "missing_rate": 0.0
  },
  "ma_bias_10": {
    "mean": 0.008701327922098323,
    "std": 0.05867862408018068,
    "missing_rate": 0.0
  },
  "ma_bias_20": {
    "mean": 0.02044300160551963,
    "std": 0.08754790633593955,
    "missing_rate": 0.0
  },
  "volatility_20d": {
    "mean": 0.030574454172284944,
    "std": 0.017286823492665693,
    "missing_rate": 0.0
  },
  "volatility_60d": {
    "mean": 0.03205941637216519,
    "std": 0.013977928982059112,
    "missing_rate": 0.0
  },
  "volume_ma5_ratio": {
    "mean": 1.0051399504633385,
    "std": 0.36555369770823176,
    "missing_rate": 0.0
  },
  "volume_ma20_ratio": {
    "mean": 1.0454902956118532,
    "std": 0.6493856089461458,
    "missing_rate": 0.0
  },
  "amount_ma_ratio": {
    "mean": 1.0708879332823398,
    "std": 0.7375286842559725,
    "missing_rate": 0.0
  },
  "trend_strength": {
    "mean": 0.020443001605625375,
    "std": 0.08754790633594053,
    "missing_rate": 0.0
  },
  "close_above_ma20": {
    "mean": 0.5829681985274466,
    "std": 0.49306822858210614,
    "missing_rate": 0.0
  },
  "rsi_14": {
    "mean": 53.12517939372075,
    "std": 10.851653391841154,
    "missing_rate": 0.0
  },
  "macd": {
    "mean": 0.30963096505386595,
    "std": 1.5450404513671445,
    "missing_rate": 0.0
  },
  "macd_signal": {
    "mean": 0.302115284397702,
    "std": 1.4322957552341171,
    "missing_rate": 0.0
  },
  "macd_hist": {
    "mean": 0.007515680656180552,
    "std": 0.45023920187868643,
    "missing_rate": 0.0
  },
  "atr_14": {
    "mean": 0.9618253219518385,
    "std": 1.5948760177917,
    "missing_rate": 0.0
  },
  "obv": {
    "mean": 8234960.224296505,
    "std": 16211136.400641643,
    "missing_rate": 0.0
  },
  "pe": {
    "mean": 179.6970726698187,
    "std": 3392.173978735834,
    "missing_rate": 0.0
  },
  "pb": {
    "mean": 4.33840392834734,
    "std": 23.907417897007395,
    "missing_rate": 0.0
  },
  "turnover_rate": {
    "mean": 4.231793702703513,
    "std": 5.272699595850322,
    "missing_rate": 0.0
  },
  "buy_lg_amount": {
    "mean": 7564.3808080827075,
    "std": 21822.570748341564,
    "missing_rate": 0.0
  },
  "net_amount": {
    "mean": -891.4483774110421,
    "std": 9295.788336505384,
    "missing_rate": 0.0
  },
  "net_amount_rate": {
    "mean": -0.004485696571722089,
    "std": 0.014648516156700717,
    "missing_rate": 0.0
  },
  "market_cap": {
    "mean": 1907969.3777191031,
    "std": 9216300.677462952,
    "missing_rate": 0.0
  }
}